name,aliases,category,level,what,advantage,disadvantage
"Sugar","sugar|sucrose|glucose syrup|dextrose",f,warn,"Sweetener and bulking agent.","Quick energy.","Too much raises blood sugar and adds empty calories; matters most for diabetes and weight control."
"High fructose corn syrup","high fructose|hfcs|fructose syrup",f,warn,"Cheap liquid sweetener common in drinks.","Taste and shelf life.","Easy to overconsume; linked with weight gain and fatty liver at high intake."
"Palm oil","palm oil|palmolein|palm kernel",f,warn,"Cheap frying and baking fat.","Crisp texture and long shelf life.","High in saturated fat; frequent intake can raise cholesterol."
"Trans fat (hydrogenated oil)","partially hydrogenated|hydrogenated vegetable|vanaspati|shortening",f,bad,"Fat hardened for texture and shelf life.","Mainly manufacturing benefits.","Raises bad cholesterol and heart-disease risk; keep as low as possible."
"Sodium nitrite / nitrate","sodium nitrite|sodium nitrate|e250|e249|e251|e252",f,bad,"Preservative in processed meats.","Prevents dangerous bacteria.","Can form nitrosamines linked to higher cancer risk with frequent processed-meat intake."
"Tartrazine and azo colours","tartrazine|e102|sunset yellow|e110|allura red|e129|carmoisine|e122|ponceau",f,bad,"Synthetic food colours.","Only improves appearance.","Linked to hyperactivity in some children and reactions in sensitive people."
"Potassium bromate","potassium bromate|e924|bromate",f,bad,"Dough improver in some breads.","Higher rising bread.","Possible carcinogen; banned for food use in India and several other countries."
"Titanium dioxide (E171)","titanium dioxide|e171",f,bad,"White colouring agent.","Cosmetic whiteness only.","Banned as a food additive in the EU over genotoxicity concerns."
"Sodium benzoate","sodium benzoate|e211|benzoic acid|e210",f,warn,"Preservative in drinks, sauces, pickles.","Stops mould and yeast.","Can form benzene with vitamin C plus heat or light; some people react to it."
"MSG (monosodium glutamate)","monosodium glutamate|msg|e621|flavour enhancer",f,warn,"Flavour enhancer.","Boosts savoury taste.","Considered safe in normal amounts; a few people report headache or flushing."
"Artificial sweeteners","aspartame|e951|sucralose|e955|acesulfame|e950|saccharin",f,warn,"Zero-calorie sweeteners.","No sugar or calories.","People with phenylketonuria must avoid aspartame; long-term effects still debated."
"BHA / BHT","bha|bht|e320|e321|butylated",f,warn,"Antioxidant preservatives for fats.","Longer shelf life.","BHA is a possible carcinogen at high doses; limit regular intake."
"Salt / sodium","salt|sodium chloride|iodised salt",f,warn,"Flavour and preservation.","Needed in small amounts.","Excess raises blood pressure; check sodium per serving."
"Whole grain / millets","whole wheat|whole grain|oats|ragi|jowar|bajra|millet",f,good,"Fibre-rich grains.","Fibre, steadier blood sugar, more minerals.","Wheat and oats contain gluten for people who avoid it."
"Turmeric / natural spices","turmeric|curcumin|e100|ginger|cumin",f,good,"Flavour and natural colour.","Antioxidant compounds.","Large supplement doses can upset the stomach; food amounts are fine."
"Citric acid / Vitamin C","citric acid|e330|ascorbic acid|e300",f,ok,"Acidity regulator and antioxidant.","Keeps food fresh; vitamin C adds nutrition.","Very acidic drinks can wear tooth enamel."
"Niacinamide (vitamin B3)","niacinamide|nicotinamide",s,good,"Barrier-supporting, tone-evening active.","Fades dark spots, controls oil, calms redness; suits all skin tones.","High strengths (10%+) may sting sensitive skin."
"Hyaluronic acid","hyaluronic|sodium hyaluronate",s,good,"Humectant that holds water.","Plumps and hydrates without clogging pores.","Apply on damp skin; in very dry air it can pull moisture out."
"Glycerin","glycerin|glycerol",s,good,"Moisturiser.","Gentle hydration for most skin types.","Rarely irritating."
"Ceramides","ceramide",s,good,"Skin-barrier lipids.","Repair the barrier and lock in moisture.","Very few concerns."
"Vitamin C (ascorbic acid)","l-ascorbic|ascorbyl|vitamin c|sodium ascorbyl|ascorbic acid",s,good,"Antioxidant brightener.","Helps fade dark spots and protects from sun damage.","Can sting; unstable in light and air. Always use sunscreen."
"Salicylic acid","salicylic",s,warn,"Pore-clearing exfoliant.","Helps acne and blackheads.","Can dry or irritate; ask a doctor if pregnant."
"Glycolic / lactic acid (AHA)","glycolic|lactic acid|mandelic",s,warn,"Chemical exfoliant.","Smoother, brighter skin.","Increases sun sensitivity; strong use on deeper tones can leave dark marks if it irritates."
"Retinol / retinoids","retinol|retinal|retinyl|adapalene|tretinoin",s,warn,"Vitamin A active.","Smooths lines and helps acne and uneven tone.","Dryness and peeling at first; not advised in pregnancy; sunscreen is a must."
"Zinc oxide / mineral UV filter","zinc oxide|titanium dioxide",s,good,"Mineral sunscreen filters.","Gentle broad protection; good for sensitive skin.","Untinted versions can leave a white cast, most visible on medium to deep skin."
"Chemical UV filters","avobenzone|octinoxate|oxybenzone|octocrylene|homosalate|tinosorb|uvinul",s,ok,"Chemical sunscreen filters.","Sheer finish, no white cast.","Oxybenzone and octinoxate may irritate some skin and harm reefs."
"Fragrance / parfum","fragrance|parfum|perfume|linalool|limonene",s,warn,"Scent.","Only a nicer smell.","Common cause of irritation and contact allergy; avoid for sensitive skin."
"Parabens","methylparaben|propylparaben|butylparaben|ethylparaben|paraben",s,warn,"Preservatives.","Prevent bacteria and mould.","Debated hormone concerns; permitted in small amounts by regulators."
"Sulfates (SLS / SLES)","sodium lauryl sulfate|sodium laureth sulfate|sls|sles",s,warn,"Foaming cleansers.","Strong cleaning and foam.","Can dry skin and scalp and fade hair colour."
"Alcohol denat.","alcohol denat|denatured alcohol|sd alcohol|isopropyl alcohol",s,warn,"Solvent and quick-dry agent.","Light, fast-absorbing feel.","Drying and stinging for dry or sensitive skin."
"Hydroquinone","hydroquinone",s,bad,"Strong skin-lightening agent.","Fades dark patches.","Use only under medical supervision; long use can cause ochronosis (darkening), more risk on deeper skin."
"Mercury / steroid creams","mercury|calomel|clobetasol|betamethasone",s,bad,"Found in illegal fairness creams.","None worth the risk.","Toxic or thins skin; avoid any cream listing these."
"Kojic acid","kojic",s,warn,"Brightening active.","Fades pigmentation.","Can irritate or cause contact allergy."
"Benzoyl peroxide","benzoyl peroxide",s,warn,"Acne treatment.","Kills acne bacteria.","Dry and bleaches fabric; start at 2.5%."
"Mineral oil / petrolatum","mineral oil|paraffinum|petrolatum|vaseline",s,ok,"Occlusive moisturiser.","Locks in moisture; cosmetic grades are well tolerated.","Heavy; may trigger breakouts on oily skin."
"Dimethicone / silicones","dimethicone|cyclopentasiloxane|siloxane",s,ok,"Smoothing agent.","Silky feel and smooth hair.","Can build up on hair and trap oil on acne-prone skin."
"Aloe vera","aloe",s,good,"Soothing plant extract.","Calms and hydrates.","Rare allergy."
"Shea butter","shea|butyrospermum",s,good,"Rich emollient.","Deep moisture for dry skin and hair.","Heavy on oily or acne-prone skin."
"Triclosan / formaldehyde releasers","triclosan|dmdm hydantoin|quaternium-15|imidazolidinyl|diazolidinyl",s,bad,"Antibacterial and preservatives.","Prevent contamination.","Can release formaldehyde or irritate; avoid where alternatives exist."
"Water (aqua)","water|aqua",f,ok,"Solvent and base.","Dilutes and carries other ingredients.","No concern by itself."
"Refined wheat flour (maida)","refined wheat flour|maida|wheat flour|enriched flour|refined flour",f,ok,"Finely milled wheat with the bran removed.","Soft texture and cheap energy.","Low in fibre and raises blood sugar quickly; limit if watching weight or sugar."
"Vegetable oils","vegetable oil|sunflower oil|groundnut oil|peanut oil|rapeseed oil|canola oil|soybean oil|sesame oil|rice bran oil|coconut oil|mustard oil",f,ok,"Cooking fats.","Energy and some essential fatty acids.","Large amounts add calories; re-heated oil is best avoided."
"Maltodextrin","maltodextrin",f,warn,"Processed starch used as filler and sweetener.","Cheap bulking agent.","Raises blood sugar very quickly; a concern for diabetes."
"Caramel colour","caramel colour|caramel color|e150",f,warn,"Brown colouring made by heating sugars.","Colour only.","Some types (E150c/d) contain 4-MEI, a possible carcinogen at high intake."
"Natural / artificial flavour","flavour|flavor|natural flavour|artificial flavour|nature identical|flavouring",f,ok,"Added taste and smell.","Keeps taste consistent.","Exact chemicals are not listed; 'natural' does not automatically mean healthier."
"Yeast extract","yeast extract|hydrolysed vegetable protein|hydrolyzed vegetable protein",f,ok,"Savoury flavour booster.","Adds umami taste.","Naturally contains glutamates and can be high in sodium."
"Gums and thickeners","xanthan|guar gum|e415|e412|pectin|carrageenan|e407|gellan",f,ok,"Thickeners and stabilisers.","Smooth texture and keeps ingredients mixed.","Large amounts can cause bloating in some people."
"Lecithin (emulsifier)","lecithin|e322|mono and diglycerides|e471",f,ok,"Emulsifier.","Keeps fat and water mixed.","Soy lecithin comes from soy; usually tolerated in tiny amounts."
"Milk solids","milk solids|milk powder|skimmed milk|whey|casein|milk",f,ok,"Dairy ingredients.","Protein and calcium.","Not suitable if you avoid dairy or are lactose intolerant."
"Raising agents","baking soda|baking powder|sodium bicarbonate|e500|ammonium bicarbonate|e503",f,ok,"Make dough and batter rise.","Soft, airy baked foods.","Adds a little sodium."
"Water (aqua)","water|aqua|eau",s,ok,"Solvent and base.","Carries the other ingredients.","No concern by itself."
"Cetyl / cetearyl alcohol","cetyl alcohol|cetearyl alcohol|stearyl alcohol|behenyl alcohol",s,ok,"Fatty alcohols that soften and thicken.","Soften skin; unlike drying alcohol they are gentle.","Rarely, contact sensitivity."
"Gentle preservatives","phenoxyethanol|ethylhexylglycerin|chlorphenesin|sodium benzoate|potassium sorbate",s,ok,"Common preservatives.","Keep the product free from bacteria and mould.","Can irritate very sensitive skin; limited to 1% in many regions."
"Gel thickeners","carbomer|xanthan|acrylates|hydroxyethylcellulose",s,ok,"Give gel and cream texture.","Smooth, stable texture.","Usually well tolerated."
"Vitamin E (tocopherol)","tocopherol|tocopheryl",s,good,"Antioxidant vitamin.","Protects skin and helps moisturise.","Rare contact irritation."
"Panthenol (pro-vitamin B5)","panthenol|dexpanthenol",s,good,"Soothing moisturiser.","Calms and helps repair the skin barrier.","Very well tolerated."
"Allantoin","allantoin",s,good,"Soothing agent.","Calms irritation and softens skin.","Very well tolerated."
"PEG compounds","peg-|ppg-|polyethylene glycol|polysorbate",s,warn,"Emulsifiers and solvents.","Mix oil and water for smooth creams.","Can irritate broken skin; impurities possible in poor-quality grades."
"Glycols (propylene, butylene)","propylene glycol|butylene glycol|pentylene glycol|propanediol",s,ok,"Humectants and solvents.","Help ingredients absorb and hold moisture.","Propylene glycol can irritate sensitive skin."
"Mild cleansers","cocamidopropyl|decyl glucoside|coco-glucoside|sodium cocoyl|cocamide",s,ok,"Gentler foaming cleansers.","Cleanse with less dryness than sulfates.","Cocamidopropyl betaine can cause allergy in a few people."
"EDTA","disodium edta|tetrasodium edta|edta",s,ok,"Chelating agent that stabilises the formula.","Keeps the product fresh and effective.","Generally safe in cosmetics."
"Iron oxides / CI pigments","iron oxides|ci 77|ci 75|ci 15|ci 19",s,ok,"Colour in makeup.","Give shade and finish.","Cosmetic grade is generally safe."
"Spices and seasonings","onion powder|coriander|chilli|chili|chil powder|garlic|black pepper|pepper powder|clove|cardamom|nutmeg|cinnamon|mustard|spices|spice|masala|fenugreek|asafoetida",f,ok,"Flavour and aroma.","Add taste without extra salt or sugar; many have antioxidants.","Hot spices can upset a sensitive stomach."
"Hydrolysed protein flavour","hydrolysed groundnut|hydrolyzed groundnut|hydrolysed soy|hydrolysed protein|hydrolyzed protein",f,ok,"Protein broken down to boost savoury taste.","Adds umami flavour.","Can be high in sodium; groundnut or soy types matter if you avoid those foods."
"Wheat gluten","wheat gluten|gluten",f,ok,"Wheat protein that gives dough elasticity.","Chewy texture and some protein.","Contains gluten; avoid with coeliac disease."
"Starch","starch|modified starch|tapioca",f,ok,"Thickener and bulking agent.","Gives texture.","Mostly refined carbohydrate."